PRAGMA foreign_keys=OFF;
CREATE TABLE IF NOT EXISTS price ( userId BIGINT, productId BIGINT, price FLOAT NOT NULL, PRIMARY KEY (userId, productId) );
INSERT INTO "price" VALUES(2,1,2.99);
INSERT INTO "price" VALUES(2,2,5.99);
INSERT INTO "price" VALUES(2,3,0.55);
INSERT INTO "price" VALUES(3,3,0.55);
INSERT INTO "price" VALUES(3,4,1.8);
INSERT INTO "price" VALUES(2,4,1.9);
INSERT INTO "price" VALUES(3,5,2.43);
INSERT INTO "price" VALUES(2,5,1.03);
INSERT INTO "price" VALUES(3,6,1.68);
INSERT INTO "price" VALUES(2,6,1.47);
INSERT INTO "price" VALUES(3,7,2.9);
INSERT INTO "price" VALUES(2,7,3.01);
INSERT INTO "price" VALUES(3,8,0.89);
INSERT INTO "price" VALUES(2,8,0.65);
INSERT INTO "price" VALUES(3,9,1.2);
INSERT INTO "price" VALUES(2,9,1.25);
INSERT INTO "price" VALUES(3,10,4.87);
INSERT INTO "price" VALUES(2,10,3.44);
INSERT INTO "price" VALUES(3,11,2.21);
INSERT INTO "price" VALUES(2,11,2.78);
INSERT INTO "price" VALUES(3,12,9.0);
INSERT INTO "price" VALUES(2,12,10.55);
INSERT INTO "price" VALUES(3,13,1.45);
INSERT INTO "price" VALUES(2,13,0.73);
INSERT INTO "price" VALUES(3,14,0.65);
INSERT INTO "price" VALUES(2,14,0.56);
INSERT INTO "price" VALUES(3,15,2.35);
INSERT INTO "price" VALUES(2,15,3.95);
INSERT INTO "price" VALUES(3,16,2.74);
INSERT INTO "price" VALUES(2,16,2.04);
INSERT INTO "price" VALUES(3,17,2.14);
INSERT INTO "price" VALUES(2,17,1.6);
INSERT INTO "price" VALUES(3,18,6.16);
INSERT INTO "price" VALUES(2,18,2.99);
CREATE TABLE IF NOT EXISTS product ( id INTEGER PRIMARY KEY, description VARCHAR(255), ean VARCHAR(13) UNIQUE );
INSERT INTO "product" VALUES(1,'Strauchtomaten','4014819040771');
INSERT INTO "product" VALUES(2,'Lauchzwiebeln','4001686323397');
INSERT INTO "product" VALUES(3,'Mehl','4021375100887');
INSERT INTO "product" VALUES(4, 'Apfel', '2894020353073');
INSERT INTO "product" VALUES(5, 'Bananen', '3223043116904');
INSERT INTO "product" VALUES(6, 'Orangensaft', '9859977797199');
INSERT INTO "product" VALUES(7, 'Vollkornbrot', '7982237821463');
INSERT INTO "product" VALUES(8, 'Joghurt', '3339461060504');
INSERT INTO "product" VALUES(9, 'Milch', '5247467562534');
INSERT INTO "product" VALUES(10, 'K채se', '8674412563471');
INSERT INTO "product" VALUES(11, 'Schokolade', '2853463364381');
INSERT INTO "product" VALUES(12, 'Wein', '3688281996549');
INSERT INTO "product" VALUES(13, 'Bier', '5883474911998');
INSERT INTO "product" VALUES(14, 'Wasser', '0070622340808');
INSERT INTO "product" VALUES(15, 'Saft', '3573154559856');
INSERT INTO "product" VALUES(16, 'Butter', '9056790989873');
INSERT INTO "product" VALUES(17, 'Brot', '5821804918538');
INSERT INTO "product" VALUES(18, 'H채hnchen', '2492459706905');
CREATE TABLE IF NOT EXISTS shoppinglist ( id INTEGER PRIMARY KEY, userId BIGINT NOT NULL, description VARCHAR(255), completed BOOLEAN NOT NULL );
INSERT INTO "shoppinglist" VALUES(1,4,'Fr체hst체ck mit Anne',0);
INSERT INTO "shoppinglist" VALUES(2,4,'Geburtstagskuchen',0);
CREATE TABLE IF NOT EXISTS shoppinglist_entry ( shoppingListId BIGINT, productId BIGINT, count INTEGER NOT NULL, note TEXT, checked BOOLEAN NOT NULL, PRIMARY KEY (shoppingListId, productId) );
INSERT INTO "shoppinglist_entry" VALUES(1,1,1,'',0);
INSERT INTO "shoppinglist_entry" VALUES(1,2,1,'',0);
INSERT INTO "shoppinglist_entry" VALUES(2,3,1,'',0);
CREATE TABLE IF NOT EXISTS user ( id INTEGER PRIMARY KEY, email VARCHAR(255) UNIQUE, password BLOB, name VARCHAR(255), role BIGINT );
INSERT INTO "user" VALUES(1,'ada.lovelace@gmail.com','JDJhJDEwJDdUVmV1cHU5N012amVNbFRCUXhyRk8wQWZWWUFjL2dCcWguZGNkSVQvZDFETG9lb0lzcVF1','Ada Lovelace',0);
INSERT INTO "user" VALUES(2,'info-aldi@gmail.com','JDJhJDEwJDdUVmV1cHU5N012amVNbFRCUXhyRk8wQWZWWUFjL2dCcWguZGNkSVQvZDFETG9lb0lzcVF1','Aldi',1);
INSERT INTO "user" VALUES(3,'info-edeka@gmail.com','JDJhJDEwJDdUVmV1cHU5N012amVNbFRCUXhyRk8wQWZWWUFjL2dCcWguZGNkSVQvZDFETG9lb0lzcVF1','Edeka',1);
INSERT INTO "user" VALUES(4,'test@example.com','JDJhJDEwJG1vZFNudFRneUE3bk1KallhSlM1eHVMMnh1ajVsZkVnakxxdVN2ZVZGcXpYWWdkUWMyZkdH','test',1);
